{
	"display": {
		"icon": {
			"id": "minecraft:goat_horn"
		},
		"title": "Stand up",
		"description": "Use a goat horn to make your dogs in a X block radius stand up.",
		"show_toast": false,
		"announce_to_chat": false,
		"hidden": false
	},
	"parent": "wolf_horns:root",
	"criteria": {
		"unsit": {
			"trigger": "minecraft:using_item",
			"conditions": {
				"item": {
					"items": "minecraft:goat_horn",
					"predicates": {
						"minecraft:enchantments": [
							{
								"enchantments": "wolf_horns:call_of_the_wild",
								"levels": {
									"min": 1,
									"max": 3
								}
							}
						]
					}
				},
				"player": {
					"flags": {
						"is_sneaking": false
					}
				}
			}
		}
	},
	"rewards": {
		"function": "wolf_horns:unsit"
	},
	"sends_telemetry_event": false
}
